Time(s),Mean_of_cell0,Mean_of_cell1,Mean_of_cell2,Mean_of_cell3,Mean_of_cell4,Mean_of_cell5,Mean_of_cell6,Mean_of_cell7,Mean_of_cell8,Mean_of_cell9,Mean_of_cell10,Mean_of_cell11,Mean_of_cell12,Mean_of_cell13,Mean_of_cell14,Mean_of_cell15,Mean_of_cell16,Mean_of_cell17,Mean_of_cell18,Mean_of_cell19,Mean_of_cell20,Mean_of_cell21,Mean_of_cell22,Mean_of_cell23,Mean_of_cell24,Mean_of_cell25,Mean_of_cell26,Mean_of_cell27,Mean_of_cell28,Mean_of_cell29,Mean_of_cell30,Mean_of_cell31,Mean_of_cell32,Mean_of_cell33,Mean_of_cell34,Mean_of_cell35,Mean_of_cell36,Mean_of_cell37,Mean_of_cell38,Mean_of_cell39,Mean_of_cell40,Mean_of_cell41,Mean_of_cell42,Mean_of_cell43,Mean_of_cell44,Mean_of_cell45,Mean_of_cell46,Mean_of_cell47,Mean_of_cell48,Mean_of_cell49,Mean_of_cell50,Mean_of_cell51,Mean_of_cell52,Mean_of_cell53,Mean_of_cell54,Mean_of_cell55,Mean_of_cell56,Mean_of_cell57,Mean_of_cell58,Mean_of_cell59,Mean_of_cell60,Mean_of_cell61,Mean_of_cell62,Mean_of_cell63,Mean_of_cell64,Mean_of_cell65,Mean_of_cell66,Mean_of_cell67,Mean_of_cell68,Mean_of_cell69,Mean_of_cell70,Mean_of_cell71,Mean_of_cell72,Mean_of_cell73,Mean_of_cell74,Mean_of_cell75,Mean_of_cell76,Mean_of_cell77,Mean_of_cell78
0,1.2323,1.8589,4.0411,2.0121,1.113,3.5413,1.6975,2.5405,1.8926,3.3574,2.2648,1.1596,2.0211,2.3354,2.5644,1.4894,1.4516,0.9727,1.6746,1.758,1.3275,1.9333,0.697,1.3112,1.1825,0.7897,1.8734,1.7445,0.9571,1.2545,1.6137,1.8321,1.0501,1.1327,0.9031,1.1596,1.3612,0.9213,1.5279,1.6693,1.0003,0.5094,0.9109,0.5316,0.8531,0.6479,1.0998,1.6608,0.3447,1.3336,0.8424,0.2,0.5121,0.6689,0.6661,1.3191,1.0664,1.1174,1.8336,1.8158,0.9994,1.118,1.5224,1.268,0.4889,1.7919,1.249,1.2658,0.7569,0.9193,1.4692,1.5306,0.7552,0.7263,0.7524,1.031,1.4986,1.6558,1.8543
2,1.2382,1.8887,4.1232,1.9937,1.1,3.4561,1.6653,2.562,1.8614,3.3859,2.2605,1.1398,2.0844,2.2627,2.5362,1.5051,1.4956,0.8876,1.6784,1.7756,1.2974,1.8666,0.6968,1.2883,1.2279,0.8392,1.8145,1.6633,0.9306,1.2656,1.5151,1.8694,1.0376,1.1119,0.951,1.1255,1.3082,0.912,1.5319,1.6046,0.9735,0.5073,0.9633,0.5208,0.8445,0.7124,1.1556,1.6931,0.3071,1.4007,0.8337,0.1997,0.5037,0.6818,0.7368,1.3356,1.1047,1.0936,1.7783,1.8923,0.967,1.1228,1.4685,1.3019,0.5141,1.8271,1.2512,1.3229,0.7221,0.9294,1.4543,1.6119,0.786,0.7313,0.8315,1.1065,1.871,1.4825,1.8872
4,1.2362,1.8459,3.9823,1.9312,1.0847,3.3283,1.5964,2.554,1.7899,3.4264,2.1755,1.1458,1.9391,2.1042,2.5407,1.495,1.4396,0.8872,1.6689,1.6894,1.3156,1.8668,0.701,1.3138,1.2152,0.8464,1.7521,1.5715,0.9297,1.1629,1.4973,1.7924,1.02,1.0768,0.9587,1.1897,1.3714,0.9447,1.557,1.5557,0.9764,0.561,0.9533,0.4996,0.8125,0.8323,1.1826,1.7055,0.2856,1.4103,0.8189,0.2153,0.4521,0.6958,0.7862,1.3654,1.1703,1.0675,1.7662,1.8772,0.98,1.1413,1.4818,1.3047,0.56,1.8257,1.2176,1.3107,0.7298,0.96,1.4569,1.5568,0.8195,0.7115,0.9459,1.0237,1.8647,1.6874,1.9117
6,1.2293,1.7929,3.5655,2.0227,1.0568,3.4283,1.5587,2.5912,1.8604,3.1857,2.0635,1.0518,2.0462,2.2741,2.5869,1.4446,1.4064,0.8779,1.6716,1.6984,1.2293,1.8256,0.7312,1.3827,1.203,0.8501,1.6708,1.4833,0.9083,1.194,1.476,1.8009,0.9246,0.9802,0.9804,1.1453,1.4595,0.9407,1.5683,1.5571,0.9815,0.571,0.9331,0.4786,0.821,0.8555,1.1753,1.6798,0.2667,1.431,0.8402,0.2061,0.4574,0.6768,0.8634,1.3157,1.1487,1.0545,1.7832,1.9388,0.9828,1.1394,1.4692,1.2772,0.6256,1.783,1.1642,1.2591,0.7339,0.9419,1.5285,1.5754,0.7927,0.7065,0.9983,1.0232,2.0215,2.071,1.7567
8,1.2248,1.8118,3.6988,2.0773,1.0612,3.262,1.5572,2.4855,1.8504,2.8789,2.0302,1.1791,2.1196,2.2292,2.5503,1.4079,1.3873,0.8921,1.5877,1.7182,1.1639,1.8031,0.754,1.3982,1.2093,0.8275,1.6669,1.4681,0.9038,1.1133,1.442,1.7334,0.8783,0.92,1.0159,1.1043,1.431,0.915,1.5763,1.5657,0.9228,0.577,0.9104,0.4436,0.8133,0.8756,1.1633,1.6465,0.272,1.4367,0.8459,0.241,0.4479,0.6727,0.885,1.32,1.2313,1.0455,1.8467,1.9561,1.015,1.1593,1.4346,1.2601,0.6948,1.7253,1.201,1.2479,0.7137,0.9441,1.5655,1.5718,0.81,0.7302,1.004,1.0313,2.1449,1.6369,1.7513
10,1.2124,1.7411,3.4846,2.0945,1.0778,3.4868,1.4913,2.4246,1.836,2.81,1.9341,1.1027,2.06,2.4883,2.4581,1.3012,1.2364,0.9193,1.6079,1.7145,1.1907,1.9071,0.736,1.3354,1.1172,0.8545,1.5536,1.3886,0.8965,1.0802,1.4051,1.712,0.8401,0.8813,0.9301,1.0063,1.5092,0.9316,1.5644,1.501,0.8709,0.6971,0.9074,0.4546,0.7836,0.8583,1.2211,1.5933,0.2388,1.4264,0.8733,0.2906,0.4137,0.7141,0.8731,1.269,1.24,1.0483,1.8703,1.9322,1.0009,1.1194,1.3759,1.2811,0.7025,1.7132,1.1646,1.1745,0.7318,0.9368,1.5548,1.6015,0.8385,0.7343,0.92,1.0135,2.182,1.7757,1.912
12,1.2053,1.7791,3.6334,2.2634,1.0726,3.2341,1.5179,2.3554,1.7763,2.6563,1.8296,1.0169,1.8913,2.254,2.5308,1.3202,1.2244,0.9071,1.5748,1.7165,1.1331,1.7302,0.7178,1.354,1.1463,0.8702,1.5653,1.3892,0.8543,1.0508,1.3731,1.6632,0.8094,0.8357,1.0034,1.0183,1.5303,0.9548,1.5148,1.4703,0.8809,0.6558,0.8816,0.4485,0.7995,0.8839,1.2507,1.6099,0.2487,1.414,0.8989,0.3881,0.4172,0.6857,0.8558,1.2592,1.2581,1.0021,1.8594,1.9088,1.021,1.1337,1.4281,1.3066,0.6994,1.6606,1.1973,1.1674,0.6953,0.9272,1.478,1.6334,0.8536,0.7272,0.9907,1.0155,2.1175,1.6939,2.1327
14,1.1973,1.6274,3.2225,2.1497,1.0827,3.2488,1.483,2.4376,1.7976,2.8182,1.7792,1.0513,1.9086,2.4772,2.5145,1.3049,1.1915,1.0036,1.5979,1.6621,1.1489,1.8081,0.7375,1.3369,1.0929,0.8844,1.5197,1.3334,0.8394,1.045,1.3897,1.6159,0.7631,0.7973,0.9525,0.9899,1.5624,0.9628,1.4868,1.4231,0.9128,0.6638,0.8365,0.4497,0.808,0.8198,1.2684,1.5437,0.2368,1.3373,0.9082,0.7657,0.4442,0.7188,0.8099,1.2525,1.3241,1.0276,1.8546,1.8845,1.0062,1.139,1.3782,1.2571,0.6436,1.5694,1.1967,1.1544,0.7065,0.9286,1.4578,1.5685,0.8615,0.7058,0.905,1.0335,1.9766,1.524,1.8408
16,1.1894,1.785,2.9937,2.2112,1.0993,3.459,1.4929,2.3194,1.7947,2.6344,1.7956,1.0402,1.8143,2.4947,2.3688,1.2759,1.1869,1.1202,1.5552,1.6434,1.1498,1.7831,0.7322,1.3506,1.0863,0.9052,1.4607,1.3105,0.8,0.9926,1.3837,1.6002,0.7641,0.7507,0.9876,0.9176,1.5254,0.9081,1.4871,1.3637,0.8915,0.6658,0.8397,0.4775,0.8553,0.8352,1.2339,1.5188,0.2564,1.3851,0.8843,1.1213,0.4584,0.7361,0.7984,1.2584,1.4011,1.011,1.8445,1.8477,0.9944,1.1653,1.4108,1.2247,0.598,1.5995,1.1847,1.0662,0.7022,0.9017,1.3749,1.5261,0.8383,0.7148,0.7878,1.0173,1.7604,1.7543,1.7854
18,1.1834,1.6622,2.9348,2.2738,1.0842,3.1561,1.5395,2.3556,1.8321,2.7135,1.7632,1.0435,1.8579,2.5486,2.486,1.2364,1.169,1.1992,1.5533,1.6015,1.1064,1.8335,0.7654,1.4443,1.0483,0.8933,1.4917,1.2847,0.8067,0.9783,1.4519,1.6141,0.7481,0.7616,0.9697,0.8972,1.4912,0.8665,1.4515,1.3347,0.8949,0.6457,0.8666,0.49,0.8781,0.7551,1.231,1.5213,0.2336,1.3848,0.8924,1.0936,0.5153,0.7238,0.7266,1.262,1.4348,1.0316,1.8099,1.8034,0.9449,1.2033,1.4031,1.192,0.5667,1.5129,1.1341,1.0864,0.6737,0.9031,1.3332,1.5092,0.8213,0.7125,0.7983,1.0645,1.9055,1.654,1.8777
20,1.1745,1.7062,3.3299,2.1833,1.12,3.1965,1.5498,2.3527,1.7988,2.7463,1.7528,0.9654,1.8462,2.3711,2.3915,1.1922,1.1771,1.1876,1.5342,1.5181,1.1708,1.789,0.7453,1.4238,1.0967,0.9146,1.4779,1.2582,0.7785,0.9524,1.2919,1.5164,0.7439,0.7682,0.9162,0.8745,1.5062,0.8732,1.4572,1.3374,0.8885,0.5804,0.8158,0.4861,0.9363,0.6798,1.1719,1.5179,0.2393,1.4475,0.8787,0.7958,0.6205,0.725,0.6314,1.2317,1.4658,0.9587,1.7932,1.8478,0.9863,1.2228,1.3621,1.1452,0.54,1.5377,1.1459,1.0669,0.6717,0.9161,1.2927,1.5451,0.7935,0.7071,0.8128,0.958,1.7703,1.4662,1.998
22,1.1653,1.6038,3.2234,2.0755,1.1093,3.1282,1.4836,2.3536,1.9351,2.658,1.7613,1.0474,1.8709,2.2828,2.3528,1.2299,1.1497,1.2263,1.5242,1.5393,1.1853,1.878,0.8042,1.4449,1.1031,0.9092,1.4494,1.2667,0.7554,0.9293,1.3854,1.5507,0.7402,0.7492,0.9339,0.8576,1.4561,0.8446,1.3924,1.3086,0.9269,0.5123,0.8465,0.4843,0.942,0.6657,1.3006,1.5046,0.2445,1.3412,0.8489,0.54,0.718,0.7204,0.5998,1.2132,1.4878,0.99,1.7775,1.7967,0.9811,1.2476,1.4359,1.0896,0.4757,1.5534,1.1713,1.1386,0.6486,0.9031,1.2421,1.5071,0.7703,0.7115,0.7973,0.9807,1.7704,1.5552,1.9855
24,1.1561,1.6747,3.3697,1.971,1.1413,3.0909,1.5559,2.2469,1.8104,2.511,1.7641,0.9361,1.7539,2.4769,2.2501,1.2714,1.1769,1.1907,1.4904,1.461,1.1678,1.851,0.8421,1.4694,1.0777,0.9282,1.405,1.3107,0.7955,0.8904,1.3111,1.4859,0.7839,0.7713,0.8816,0.8431,1.413,0.8613,1.3772,1.2908,0.935,0.5374,0.7956,0.5161,0.9834,0.6306,1.2349,1.4566,0.2281,1.4399,0.8307,0.3795,0.7549,0.7206,0.6227,1.1768,1.4841,0.9268,1.7333,1.7283,0.9568,1.204,1.4284,1.0603,0.4564,1.5209,1.1818,1.0981,0.6432,0.9007,1.2154,1.5595,0.774,0.7007,0.8668,0.9839,1.5255,1.6423,1.8919
26,1.1473,1.6896,3.5942,1.876,1.209,3.0523,1.553,2.295,1.8584,2.373,1.6992,1.0549,1.6476,2.2617,2.3675,1.2151,1.2477,1.2168,1.5323,1.4382,1.2187,1.892,0.8273,1.4801,1.1525,0.9367,1.3311,1.3259,0.757,0.8496,1.3608,1.4183,0.8022,0.8077,0.8667,0.828,1.3677,0.8637,1.314,1.2018,0.9527,0.5209,0.7675,0.6001,1.0325,0.6927,1.1148,1.4885,0.2296,1.4302,0.8101,0.2832,0.7277,0.695,0.599,1.1235,1.4505,0.9604,1.7063,1.765,0.9444,1.1931,1.4235,1.0277,0.4442,1.4287,1.1958,1.164,0.6332,0.8743,1.1554,1.5275,0.7568,0.7277,0.901,0.9373,1.6482,1.6885,1.7898
28,1.1469,1.7479,3.665,1.8696,1.2294,3.1738,1.6724,2.2677,1.7631,2.439,1.6388,1.0515,1.6627,2.3903,2.4813,1.2765,1.2464,1.1991,1.5426,1.3861,1.2575,1.9517,0.8496,1.4708,1.1524,0.929,1.342,1.3566,0.7637,0.8271,1.3355,1.3633,0.8147,0.8203,0.8378,0.8056,1.3286,0.8144,1.3178,1.2292,1.013,0.6046,0.8351,0.7062,1.022,0.8017,1.1332,1.4634,0.2563,1.3966,0.789,0.2553,0.7134,0.6861,0.6004,1.1669,1.3814,0.9386,1.6783,1.8019,0.9413,1.184,1.4102,1.0011,0.4467,1.4339,1.169,1.1291,0.6492,0.8716,1.189,1.4909,0.758,0.7333,0.9134,0.942,1.9047,1.5379,1.7648
30,1.1496,1.7188,3.8532,1.8149,1.2622,3.1404,1.6311,2.203,1.8716,2.4307,1.6732,1.1145,1.6338,2.3799,2.55,1.2513,1.3172,1.1203,1.5138,1.4364,1.2443,1.9937,0.841,1.4621,1.2086,0.9946,1.3471,1.3757,0.7549,0.8182,1.2517,1.3489,0.8361,0.7764,0.8513,0.8046,1.3362,0.8087,1.299,1.1839,0.9997,0.5129,0.8444,0.8328,1.102,0.8295,1.1286,1.4519,0.2495,1.45,0.7799,0.228,0.7874,0.6849,0.6103,1.1239,1.3191,0.9246,1.6346,1.8001,0.9345,1.1489,1.4674,0.9734,0.4405,1.4872,1.1861,1.187,0.6731,0.8772,1.1648,1.49,0.7844,0.7175,0.954,0.8747,1.6422,1.7136,2.0012
32,1.1422,1.7947,3.9965,1.8248,1.2391,3.1819,1.6766,2.4784,1.8186,2.4274,1.6344,1.0774,1.6586,1.9864,2.5266,1.2716,1.3552,1.1004,1.5024,1.401,1.2325,1.8816,0.8486,1.4371,1.2648,0.9974,1.3168,1.4664,0.719,0.786,1.2385,1.1311,0.8049,0.8154,0.8512,0.7529,1.405,0.8101,1.2954,1.2325,0.9709,0.5167,0.8131,0.9899,1.1193,0.8735,1.0404,1.437,0.2439,1.4528,0.7685,0.223,0.7716,0.6604,0.6364,1.1074,1.29,0.9548,1.6669,1.7623,0.9201,1.0833,1.465,0.9661,0.4254,1.4853,1.179,1.2404,0.6311,0.8655,1.1447,1.4766,0.7638,0.7363,0.9217,0.9516,1.7312,1.9044,1.8672
34,1.1415,1.7719,3.7906,1.8205,1.2151,3.1837,1.771,2.3293,1.7175,2.4371,1.5985,1.116,1.7535,2.6048,2.6471,1.2879,1.3638,1.0634,1.5421,1.4098,1.2721,1.8544,0.8721,1.4567,1.2632,1.066,1.2825,1.4717,0.7175,0.7874,1.1796,1.1361,0.8299,0.8252,0.7989,0.7425,1.4213,0.7841,1.3265,1.2869,0.9282,0.5195,0.8261,1.2163,1.1265,0.9489,1.1502,1.347,0.2488,1.4707,0.76,0.2085,0.7034,0.6491,0.6769,1.0572,1.289,0.966,1.6493,1.763,0.8985,1.0607,1.4767,0.9404,0.4292,1.4944,1.2053,1.2794,0.6452,0.878,1.1302,1.4734,0.7398,0.7005,0.8626,0.9339,1.8001,1.9513,1.9651
36,1.1381,1.7333,3.9421,1.7818,1.2083,3.0833,1.7843,2.3957,1.6805,2.4805,1.5856,1.1299,1.8184,2.338,2.632,1.2395,1.3809,1.004,1.5656,1.4146,1.3156,1.9393,0.8562,1.4293,1.2046,1.0011,1.3425,1.3927,0.703,0.8422,1.1547,1.1649,0.8608,0.7913,0.8277,0.7756,1.4537,0.7881,1.2981,1.2341,0.9217,0.472,0.8073,1.2027,1.1751,0.9446,1.0711,1.4143,0.233,1.485,0.7629,0.197,0.6576,0.6451,0.7116,1.0982,1.2441,0.9985,1.6833,1.7367,0.8577,1.0104,1.4112,0.9297,0.446,1.4567,1.1977,1.2768,0.6154,0.8396,1.1881,1.4929,0.7133,0.6934,0.7652,0.9998,1.8994,2.2902,1.9623
38,1.1224,1.6411,3.7036,1.7823,1.2153,2.9141,1.7573,2.2849,1.6973,2.363,1.6086,1.1319,1.7668,2.3139,2.3846,1.231,1.3382,0.9847,1.5567,1.366,1.3839,1.807,0.8691,1.3787,1.15,1.0117,1.3745,1.3914,0.7123,0.8125,1.0792,1.1215,0.9064,0.7869,0.8143,0.729,1.4416,0.7651,1.3118,1.2376,0.933,0.4983,0.8107,1.1906,1.1463,0.8668,1.0504,1.4073,0.2785,1.4975,0.7643,0.2063,0.6018,0.6446,0.7295,1.0533,1.1969,0.9789,1.6449,1.767,0.8561,1.0048,1.4486,0.8855,0.4407,1.4447,1.1457,1.272,0.6272,0.8613,1.176,1.4946,0.6785,0.6925,0.7206,0.9782,2.1023,2.1859,1.8026
40,1.1133,1.6623,3.2636,1.7878,1.192,2.8033,1.8115,2.2723,1.6132,2.2712,1.5208,1.0265,1.8009,2.1792,2.4658,1.1956,1.2583,0.9674,1.539,1.4527,1.4196,1.7507,0.8886,1.3555,1.1216,0.9862,1.3597,1.3619,0.6865,0.8275,1.1358,1.1181,0.8968,0.8112,0.8843,0.7211,1.4394,0.756,1.2523,1.3225,0.9082,0.4851,0.8249,1.0318,1.1663,0.8527,1.0612,1.2804,0.2687,1.4933,0.7637,0.1915,0.5307,0.6338,0.7104,1.0836,1.2002,0.9671,1.6318,1.7722,0.8486,0.9422,1.4293,0.9038,0.5049,1.4832,1.1322,1.2786,0.6418,0.8534,1.1951,1.539,0.6717,0.6949,0.6927,0.9871,1.9215,2.128,1.7707
42,1.0955,1.6193,3.1302,1.6376,1.2161,2.8348,1.772,2.2857,1.5939,2.3124,1.4625,0.9606,1.6896,2.2037,2.5882,1.2378,1.162,0.8779,1.5995,1.3926,1.4812,1.7217,0.8946,1.3369,1.1146,0.9608,1.3952,1.31,0.7201,0.7647,1.1824,1.0499,0.8759,0.7745,0.8925,0.7248,1.4567,0.7632,1.2551,1.361,0.9507,0.5073,0.7941,0.8959,1.0846,0.7826,1.0108,1.318,0.2967,1.4675,0.7314,0.1873,0.4902,0.6458,0.7272,1.0247,1.1192,1.0042,1.5951,1.8387,0.8006,0.9295,1.3388,0.8727,0.5757,1.4656,1.1096,1.2885,0.6326,0.8138,1.2055,1.5113,0.6622,0.677,0.6495,0.9699,1.853,1.8507,1.6481
44,1.0944,1.7061,3.0647,1.7234,1.2157,2.7866,1.717,2.3017,1.4398,2.2136,1.4442,0.9179,1.7905,2.2301,2.4884,1.2535,1.1351,0.8778,1.5399,1.3582,1.5943,1.7176,0.8755,1.3249,1.1019,0.9483,1.4108,1.2242,0.7502,0.7774,1.2109,1.07,0.9104,0.7728,0.9172,0.7217,1.475,0.845,1.3247,1.4593,0.9205,0.5168,0.7973,0.6831,1.0916,0.7224,1.0181,1.2799,0.3147,1.4325,0.7377,0.1735,0.438,0.6342,0.6761,1.0653,1.0903,1.0028,1.6163,1.7441,0.7924,0.9106,1.4161,0.8652,0.6873,1.4456,1.0599,1.2444,0.6118,0.8397,1.2128,1.5615,0.6442,0.6957,0.6047,0.9507,1.5962,1.8078,1.8116
46,1.0907,1.7255,2.7829,1.6691,1.2142,2.7781,1.6435,2.2209,1.4132,2.0303,1.3841,1.0286,1.6527,2.1896,2.6107,1.2389,1.0819,0.8808,1.5521,1.3221,1.6956,1.7411,0.903,1.2974,1.1054,0.9467,1.3553,1.2174,0.8572,0.7907,1.2074,0.9921,0.9265,0.7819,0.9551,0.7285,1.4345,0.8669,1.3223,1.4389,0.8678,0.6045,0.8074,0.593,1.0629,0.7191,1.0017,1.2975,0.3543,1.4225,0.709,0.1846,0.4587,0.6268,0.6997,1.0773,1.0719,0.9533,1.6079,1.7215,0.7884,0.8868,1.3685,0.8624,0.8287,1.5344,1.0695,1.2336,0.6082,0.8104,1.2537,1.712,0.6341,0.6811,0.5947,0.9564,1.6057,1.4793,1.9197
48,1.0881,1.7159,2.8184,1.6568,1.2078,2.6537,1.5789,2.1547,1.2796,2.0832,1.4505,0.9827,1.6636,2.2103,2.4756,1.2203,1.0823,0.8512,1.5162,1.2508,1.6508,1.7742,0.8471,1.2939,1.1381,0.9321,1.3262,1.1513,0.8473,0.7781,1.2156,1.0163,0.9243,0.8285,0.9388,0.7438,1.4559,0.9466,1.3234,1.4354,0.813,0.5967,0.8052,0.522,1.0373,0.6808,0.984,1.2869,0.4915,1.4162,0.7197,0.1821,0.4277,0.6178,0.7045,1.1178,1.0242,0.9949,1.6386,1.7636,0.7491,0.8472,1.3854,0.8419,0.9585,1.4917,1.054,1.2172,0.6155,0.7847,1.1959,1.7016,0.6322,0.6819,0.6336,0.9759,1.5817,1.5859,1.7424
50,1.0919,1.6766,3.1805,1.6561,1.1682,2.6989,1.5782,2.014,1.2895,2.2697,1.4103,1.0698,1.7091,2.1477,2.5487,1.2583,1.1064,0.9066,1.5082,1.2064,1.6674,1.8556,0.8545,1.3206,1.1439,0.9132,1.3831,1.2414,0.8748,0.7823,1.2058,1.0062,0.8951,0.9259,0.901,0.7398,1.5005,0.9924,1.3148,1.5507,0.8137,0.5432,0.8605,0.4943,1.0296,0.6637,1.0373,1.2644,0.7633,1.3982,0.7072,0.1804,0.4451,0.6136,0.7215,1.1138,0.9857,0.9682,1.6662,1.7599,0.7326,0.8524,1.3379,0.8349,0.9793,1.5375,1.0665,1.1922,0.6014,0.7687,1.218,1.6445,0.6313,0.6831,0.6627,0.927,1.518,1.2909,1.6636
52,1.0969,1.801,3.4627,1.7503,1.1671,2.7309,1.5987,2.0017,1.275,2.1761,1.4444,0.9757,1.5824,2.0735,2.5689,1.2825,1.1788,0.973,1.4783,1.1768,1.7354,1.8306,0.8418,1.2594,1.0876,0.8929,1.3274,1.2302,0.9246,0.7956,1.2758,1.0201,0.9177,0.9192,0.9359,0.8136,1.5449,1.0203,1.2923,1.5881,0.8079,0.5115,0.8756,0.4604,0.9646,0.7184,1.0753,1.2581,1.2412,1.3768,0.7218,0.2028,0.4237,0.6227,0.6738,1.1114,0.9716,0.9686,1.67,1.7257,0.7124,0.822,1.3686,0.8348,0.859,1.4934,1.0731,1.1438,0.6069,0.7452,1.2148,1.5977,0.6219,0.7145,0.7271,0.9222,1.6173,1.2562,1.5761
54,1.0921,1.6491,3.7781,1.7676,1.1323,2.8136,1.5966,1.9309,1.1722,2.2215,1.445,0.9823,1.4818,2.0882,2.6745,1.2169,1.1842,1.0743,1.4251,1.1549,1.6608,1.8199,0.8057,1.252,1.0278,0.8908,1.405,1.258,0.9078,0.8247,1.259,1.0256,0.8813,0.956,0.8982,0.8604,1.5654,0.9772,1.3161,1.674,0.8609,0.5143,0.866,0.4455,0.9366,0.7777,1.091,1.2499,1.1794,1.3295,0.7212,0.1876,0.4314,0.6379,0.693,1.1074,0.944,0.93,1.6931,1.8029,0.7234,0.8097,1.3422,0.8195,0.7267,1.4601,1.0576,1.1251,0.6247,0.7134,1.2257,1.6125,0.5936,0.7028,0.8651,0.92,1.6929,1.0968,1.5991
56,1.0833,1.7041,4.2494,1.7817,1.1512,2.7042,1.5831,1.8814,1.2619,2.0359,1.4508,1.1191,1.4449,1.8806,2.6255,1.2256,1.2421,1.2383,1.4366,1.1385,1.6099,1.7848,0.8035,1.2756,1.0174,0.8712,1.3354,1.331,0.8682,0.8215,1.2457,1.0631,0.8645,1.0269,0.9001,0.9557,1.5402,0.9222,1.3015,1.6629,0.8071,0.4352,0.8481,0.4393,0.8988,0.7826,1.0341,1.3019,1.0123,1.3595,0.7195,0.1944,0.4475,0.5992,0.775,1.1882,0.8904,0.8985,1.5958,1.8001,0.6852,0.8028,1.3559,0.8214,0.6059,1.3903,1.062,1.0429,0.6118,0.7239,1.2,1.5494,0.6053,0.7205,0.8681,0.8368,1.8186,1.2084,1.5659
58,1.0775,1.6702,3.8196,1.7766,1.1696,2.6154,1.5375,1.7819,1.2023,2.3446,1.4976,1.0251,1.4684,1.9005,2.636,1.2102,1.2862,1.1949,1.3663,1.1664,1.5321,1.7436,0.7622,1.2538,1.0299,0.8752,1.3065,1.3738,0.8784,0.7993,1.2509,1.1291,0.8223,1.1021,0.8969,0.927,1.526,0.8785,1.351,1.5144,0.8712,0.4173,0.8417,0.4053,0.8845,0.7319,1.052,1.2614,0.6844,1.3912,0.6969,0.1909,0.464,0.615,0.8005,1.1689,0.8903,0.9369,1.6062,1.7402,0.6995,0.7736,1.3723,0.8082,0.4924,1.3859,1.0706,1.0066,0.5819,0.7252,1.2173,1.5258,0.617,0.7354,0.8499,0.8584,1.8616,1.2537,1.5942
60,1.0736,1.6668,3.5059,1.857,1.1233,2.5082,1.5301,1.7251,1.2209,2.2399,1.4779,1.0956,1.4378,2.0063,2.633,1.1554,1.2951,1.2575,1.388,1.1512,1.4859,1.7151,0.7502,1.2299,1.037,0.8078,1.3505,1.4067,0.8677,0.7967,1.1944,1.1717,0.8874,1.0833,0.8384,0.9622,1.4745,0.8811,1.4153,1.7031,0.8585,0.4044,0.8397,0.4157,0.8742,0.7721,1.0772,1.3235,0.5033,1.3705,0.712,0.2044,0.4638,0.6114,0.7677,1.1966,0.8888,0.9966,1.5824,1.7416,0.7111,0.7727,1.3602,0.8226,0.4263,1.3373,1.0641,1.0699,0.6045,0.7287,1.2056,1.538,0.609,0.7137,0.8197,0.9193,1.7715,1.119,1.6702
62,1.0663,1.6406,3.3828,1.9074,1.1468,2.5974,1.4854,1.64,1.2612,2.267,1.5794,1.2016,1.4039,2.0075,2.7266,1.1494,1.3638,1.1783,1.3906,1.1642,1.3985,1.5843,0.7438,1.2597,1.055,0.803,1.4116,1.4768,0.8726,0.8435,1.1954,1.1201,0.8409,1.0891,0.8396,0.9437,1.5233,0.8439,1.4147,1.7447,0.8232,0.3867,0.7851,0.4253,0.8639,0.8002,1.1489,1.3065,0.3771,1.3732,0.7483,0.1948,0.4637,0.5869,0.6769,1.2131,0.8733,0.9633,1.5513,1.7756,0.7017,0.7399,1.3455,0.8202,0.3687,1.3029,1.0623,0.9929,0.5821,0.6904,1.2222,1.4843,0.6094,0.7398,0.8018,0.9552,1.8608,1.2856,1.6258
64,1.0534,1.6078,3.1233,1.8796,1.1733,2.4833,1.4413,1.7221,1.2535,2.2591,1.596,1.2599,1.4166,1.8887,2.5865,1.0979,1.3748,1.0979,1.3401,1.1437,1.3118,1.5809,0.7237,1.2775,1.0165,0.7792,1.4077,1.339,0.8427,0.8631,1.1687,1.1624,0.8151,1.0719,0.8031,0.8734,1.4481,0.7899,1.4069,1.7321,0.7984,0.3971,0.7327,0.4212,0.854,0.8797,1.0635,1.2426,0.3072,1.3592,0.7546,0.2213,0.507,0.599,0.6162,1.1903,0.8898,0.9628,1.5459,1.7831,0.6928,0.7278,1.3475,0.8267,0.3379,1.2657,1.0387,1.0442,0.5977,0.6827,1.1867,1.4726,0.6205,0.7598,0.7052,0.9493,2.0001,1.1579,1.6151
66,1.049,1.6993,3.0914,1.8531,1.1662,2.4433,1.4895,1.6317,1.2841,2.2435,1.5524,1.3354,1.3666,1.7599,2.5682,1.1263,1.3792,1.0781,1.3106,1.1838,1.183,1.589,0.7113,1.2284,1.0711,0.7644,1.392,1.2978,0.918,0.927,1.1519,1.1754,0.8706,1.217,0.8082,0.9178,1.4323,0.7576,1.4409,1.5974,0.78,0.4006,0.7161,0.4108,0.8374,0.8382,1.0566,1.3441,0.2793,1.3773,0.7662,0.2361,0.6004,0.5692,0.5609,1.1604,0.8896,0.9849,1.5288,1.7596,0.6836,0.7566,1.3094,0.8164,0.3241,1.2621,1.0298,0.9944,0.5805,0.6897,1.197,1.4686,0.6309,0.7792,0.7647,0.9319,1.9545,1.2982,1.7403
68,1.0482,1.7113,3.0488,1.9272,1.192,2.4103,1.3934,1.6615,1.3298,2.2129,1.5189,1.3464,1.3863,1.8015,2.5349,1.1275,1.4099,1.0207,1.2965,1.1618,1.1199,1.6066,0.6923,1.1846,1.0741,0.7301,1.4281,1.3439,0.9088,0.9564,1.1959,1.2262,0.8841,1.1733,0.8023,0.8767,1.4796,0.7605,1.4874,1.6192,0.8284,0.378,0.661,0.4139,0.8089,0.8197,1.0661,1.3585,0.2712,1.3702,0.7931,0.3082,0.7166,0.5941,0.5438,1.1593,0.9046,0.9627,1.4922,1.7396,0.697,0.7496,1.3363,0.8332,0.307,1.2898,1.0092,0.9895,0.5843,0.7313,1.235,1.5292,0.6494,0.8411,0.7301,1.0302,2.126,1.3297,1.7224
70,1.0554,1.6547,2.9877,2.0058,1.2313,2.1895,1.4433,1.5888,1.3787,2.328,1.4527,1.5057,1.3506,1.7937,2.4182,1.1364,1.4955,0.9522,1.2893,1.177,1.0532,1.6082,0.6782,1.209,1.0468,0.7399,1.4286,1.2014,0.906,1.0149,1.2111,1.287,0.8624,1.1691,0.858,0.8955,1.4645,0.7925,1.4571,1.5915,0.8982,0.4275,0.6633,0.433,0.8373,0.8429,1.0977,1.3651,0.2512,1.3487,0.8399,0.3735,0.8231,0.5941,0.5158,1.1945,0.9418,0.9203,1.464,1.7572,0.6951,0.7801,1.3841,0.8348,0.2954,1.2364,1.0334,1.0238,0.5987,0.7353,1.2859,1.5688,0.6761,0.8049,0.7327,0.9755,2.0422,1.7462,1.8092
72,1.0625,1.7415,3.3054,1.9538,1.2494,2.1762,1.4811,1.5847,1.3475,2.2537,1.4674,1.4871,1.435,1.8401,2.4888,1.1514,1.4629,0.9383,1.2614,1.1701,1.0188,1.631,0.7017,1.1607,1.0872,0.7407,1.3839,1.1671,1.0027,1.0979,1.3153,1.337,0.7995,1.0742,0.8623,0.872,1.4213,0.7923,1.454,1.6302,0.825,0.4448,0.6487,0.4331,0.8068,0.765,1.1096,1.4132,0.2482,1.4278,0.8578,0.746,0.9583,0.6057,0.5577,1.2651,0.9788,0.9363,1.4469,1.7202,0.7235,0.7808,1.3439,0.8281,0.2846,1.3142,1.0504,1.0163,0.5983,0.725,1.2609,1.5392,0.685,0.8113,0.7337,1.0391,2.041,1.7136,1.8656
74,1.0658,1.7881,3.3064,2.036,1.2551,2.246,1.3933,1.5344,1.3559,2.2159,1.5442,1.6021,1.387,2.0512,2.4923,1.0952,1.5141,0.9306,1.2773,1.2284,0.9948,1.6558,0.7062,1.1273,1.0269,0.7393,1.3855,1.1451,0.9744,1.1682,1.2686,1.2877,0.7443,1.0433,0.8902,0.8879,1.3689,0.7858,1.3975,1.5782,0.8382,0.4643,0.6773,0.4407,0.8008,0.7947,1.1387,1.3685,0.2495,1.4278,0.822,1.0538,0.8892,0.6033,0.5668,1.1584,1.0689,0.9245,1.4342,1.7361,0.7079,0.7959,1.4085,0.8614,0.2856,1.2574,1.0423,1.0087,0.6451,0.7642,1.2124,1.6755,0.7132,0.7991,0.7623,1.0902,2.2183,1.7707,1.8715
76,1.072,1.8214,3.3047,2.0551,1.2381,2.289,1.3327,1.559,1.3593,2.2752,1.5515,1.692,1.3609,2.2196,2.5524,1.1163,1.4801,0.9241,1.2889,1.1926,0.9897,1.6825,0.7043,1.1245,1.0749,0.7211,1.294,1.1381,0.9616,1.2126,1.2675,1.3242,0.7674,1.0054,0.8423,0.8955,1.3298,0.8077,1.4148,1.6374,0.8507,0.4542,0.7117,0.4724,0.788,0.8364,1.1709,1.4054,0.2529,1.4515,0.8677,0.9343,0.7809,0.6213,0.6282,1.2123,1.1234,0.9224,1.4529,1.7259,0.7348,0.8327,1.3742,0.8717,0.2733,1.2311,1.0529,1.0358,0.6392,0.7405,1.1951,1.7445,0.7597,0.8031,0.7592,1.0928,2.1253,2.1617,1.8817
78,1.079,1.7533,3.4157,2.0023,1.1954,2.1961,1.3319,1.4825,1.3643,2.3545,1.5644,1.6697,1.389,2.2614,2.3664,1.0743,1.5388,0.9178,1.3362,1.2517,0.9746,1.6334,0.7085,1.1149,1.1212,0.7467,1.3335,1.1426,0.931,1.25,1.3395,1.4182,0.7167,0.9812,0.8512,0.9579,1.3028,0.7769,1.4032,1.5217,0.8803,0.5206,0.7233,0.4734,0.8088,0.8672,1.1698,1.4157,0.2325,1.4602,0.8923,0.6904,0.6515,0.6243,0.7337,1.2182,1.2091,0.898,1.4512,1.7631,0.7773,0.8505,1.4103,0.8498,0.2848,1.2313,1.0707,1.0636,0.6399,0.7648,1.2459,1.8928,0.737,0.7623,0.857,1.0947,2.2472,2.1025,1.8207
80,1.0846,1.6432,3.2925,1.9323,1.2503,1.9157,1.3435,1.5179,1.4068,2.2502,1.5584,1.5811,1.4366,2.4266,2.3213,1.0966,1.4183,0.859,1.3427,1.269,0.9532,1.6763,0.6648,1.1237,1.0655,0.7128,1.3559,1.206,0.9171,1.2802,1.3718,1.4017,0.7397,1.0269,0.8307,1.0066,1.3232,0.7674,1.3283,1.6995,0.8469,0.5999,0.7829,0.5174,0.8276,0.799,1.1613,1.3864,0.2328,1.4453,0.9278,0.4615,0.5726,0.6419,0.8727,1.161,1.2886,0.8824,1.4935,1.7136,0.8076,0.8499,1.3947,0.8797,0.2795,1.2591,1.0729,1.1035,0.6473,0.7995,1.1479,1.7934,0.7534,0.7821,0.9147,1.1021,2.1767,1.8942,1.6458
82,1.0835,1.7204,3.0715,1.9244,1.2426,2.0144,1.3029,1.4886,1.3739,2.2725,1.5883,1.5617,1.5154,2.5157,2.3916,1.1081,1.374,0.7811,1.3478,1.2661,0.9372,1.6928,0.6831,1.1018,1.0942,0.7201,1.3319,1.1963,0.8645,1.3556,1.4419,1.4425,0.724,0.8631,0.8591,1.0214,1.3171,0.7832,1.3067,1.629,0.8802,0.592,0.7544,0.5359,0.8566,0.8319,1.2678,1.3447,0.2332,1.5173,0.9229,0.3336,0.4938,0.637,0.9078,1.1306,1.3397,0.8498,1.5008,1.6635,0.8084,0.9053,1.3975,0.8778,0.2816,1.2222,1.0771,1.1064,0.6325,0.8002,1.1883,1.8407,0.722,0.7926,0.9187,1.0768,2.0796,1.8136,1.7605
84,1.0885,1.6818,2.9742,1.8973,1.3232,2.0399,1.3529,1.5442,1.4228,2.3523,1.6226,1.4949,1.5853,2.5862,2.4128,1.1249,1.3645,0.7701,1.3641,1.295,0.922,1.7518,0.675,1.088,1.1639,0.7032,1.3011,1.2579,0.8209,1.3047,1.4365,1.3773,0.6889,0.8311,0.9044,1.0468,1.258,0.7735,1.3105,1.7311,0.9253,0.5335,0.7502,0.5159,0.8723,0.8261,1.3046,1.3687,0.2268,1.4771,0.8691,0.279,0.4698,0.652,0.8437,1.1446,1.4212,0.8381,1.5269,1.6975,0.8499,0.9101,1.3923,0.9438,0.2767,1.2358,1.0755,1.1086,0.6435,0.8102,1.1211,1.7169,0.7596,0.7799,0.8578,1.1067,2.0132,1.4591,1.7731
86,1.0966,1.8275,2.8738,1.911,1.3296,2.0189,1.3795,1.5801,1.5236,2.5501,1.6406,1.3045,1.5418,2.748,2.711,1.134,1.3281,0.7791,1.3714,1.3291,0.9143,1.7666,0.7103,1.0959,1.123,0.7395,1.3894,1.3328,0.7796,1.2766,1.5252,1.3861,0.6517,0.8289,0.8979,1.1402,1.3054,0.7901,1.3143,1.7571,0.9672,0.5165,0.7859,0.6418,0.8807,0.8163,1.2502,1.2993,0.227,1.4623,0.9175,0.2436,0.4321,0.6403,0.721,1.0512,1.4876,0.795,1.5424,1.7173,0.8293,0.9576,1.3533,0.9497,0.2826,1.2388,1.0926,1.1324,0.6406,0.8117,1.138,1.7503,0.7771,0.7383,0.7646,1.0515,1.6916,1.6619,1.8792
88,1.0972,1.6,3.4849,1.8161,1.3297,2.0081,1.3409,1.6113,1.5523,2.3123,1.6622,1.1911,1.6275,2.4535,2.5548,1.1069,1.2436,0.8219,1.3907,1.2889,0.9041,1.8232,0.6862,1.0948,1.1049,0.7057,1.4366,1.3666,0.8166,1.1723,1.4846,1.4322,0.6596,0.8223,0.9386,1.124,1.2669,0.8529,1.3434,1.6578,0.9835,0.5433,0.8092,0.8282,0.877,0.8061,1.2921,1.2324,0.2308,1.4715,0.8515,0.2151,0.4051,0.6485,0.6426,1.0787,1.4952,0.7944,1.5691,1.724,0.8372,0.9844,1.3244,1.0006,0.2976,1.2462,1.0836,1.1647,0.6345,0.8061,1.1117,1.6426,0.7928,0.7104,0.6652,1.0449,1.6107,1.5373,1.969
90,1.1024,1.6353,3.4988,1.7422,1.368,1.9393,1.4637,1.5531,1.4377,2.3863,1.5637,1.1691,1.7653,2.564,2.4877,1.1334,1.1952,0.9045,1.4287,1.3543,0.9274,1.768,0.7009,1.1635,1.1329,0.7144,1.4634,1.473,0.7944,1.2165,1.571,1.3636,0.6552,0.8716,0.8575,1.0963,1.3012,0.9148,1.3269,1.7635,0.9417,0.5708,0.9132,1.0921,0.9242,0.7078,1.3408,1.2034,0.2381,1.4371,0.8516,0.1904,0.3926,0.6719,0.5638,1.0485,1.4927,0.8072,1.6037,1.6785,0.8355,0.9583,1.359,1.0297,0.3191,1.2573,1.0933,1.1543,0.6667,0.7828,1.0727,1.6108,0.8082,0.7063,0.6137,0.997,1.5929,1.3837,1.9708
92,1.1078,1.6503,3.6387,1.72,1.3793,1.9575,1.5071,1.6091,1.4525,2.3289,1.4971,1.1047,1.8768,2.6099,2.397,1.1013,1.1982,0.9818,1.4644,1.3542,0.9749,1.8426,0.6906,1.2395,1.1324,0.7267,1.44,1.4235,0.787,1.0744,1.5148,1.3534,0.6634,0.8428,0.8502,1.0537,1.3382,0.9506,1.285,1.7834,0.9678,0.5719,0.8572,1.1879,0.89,0.7173,1.2961,1.1764,0.2296,1.4422,0.8182,0.1863,0.3838,0.6779,0.5296,1.0381,1.438,0.8055,1.6526,1.7044,0.8514,1.0155,1.3519,1.0608,0.349,1.2782,1.0986,1.2216,0.669,0.7804,1.074,1.5221,0.8355,0.7194,0.6032,0.9425,1.4771,1.2838,1.8298
94,1.1145,1.6767,3.7406,1.6573,1.4512,1.9492,1.6313,1.5772,1.4603,2.2858,1.5362,1.0275,1.9513,2.3089,2.4116,1.0898,1.1521,1.0515,1.4802,1.3317,1.0003,1.817,0.6965,1.2329,1.1554,0.7297,1.5193,1.5273,0.8237,1,1.5308,1.4222,0.6761,0.822,0.8378,1.0494,1.3382,0.9852,1.286,1.7206,1.0221,0.5757,0.8558,1.077,0.966,0.8235,1.2939,1.1515,0.2397,1.465,0.8525,0.1873,0.3741,0.6791,0.5178,1.0356,1.4044,0.8548,1.6252,1.7088,0.8727,1.0506,1.3128,1.0733,0.3658,1.2678,1.0924,1.2253,0.6692,0.7797,1.0308,1.457,0.8352,0.74,0.7003,0.9267,1.5825,1.5159,1.9345
96,1.1129,1.7281,3.412,1.6569,1.4412,1.835,1.6221,1.5091,1.4711,2.242,1.4914,1.0639,1.9092,2.2751,2.5044,1.1276,1.1684,1.21,1.5109,1.2747,1.0053,1.6969,0.7224,1.3321,1.1268,0.7186,1.5844,1.5755,0.7812,0.9453,1.5359,1.4593,0.6588,0.7711,0.7985,1.0018,1.3483,1.0469,1.3082,1.7712,0.9559,0.5427,0.86,0.9434,0.9706,0.7905,1.254,1.1296,0.2498,1.4666,0.8488,0.182,0.3739,0.6897,0.508,1.0355,1.3977,0.8829,1.6485,1.6839,0.8811,1.0629,1.3051,1.1111,0.4056,1.2773,1.0819,1.1812,0.6783,0.7596,1.0077,1.418,0.8412,0.7288,0.7287,0.8846,1.668,1.3461,1.9754
98,1.1079,1.6357,3.5063,1.6867,1.4221,1.7972,1.6589,1.4433,1.4754,2.1296,1.4587,1.0761,1.8304,2.4018,2.4375,1.134,1.1411,1.315,1.4832,1.2778,0.9828,1.7165,0.7407,1.3634,1.0973,0.7322,1.5776,1.6541,0.7869,0.8657,1.4574,1.4157,0.7096,0.72,0.7646,0.9824,1.3605,1.0485,1.2888,1.7131,1.0133,0.5689,0.8506,0.8278,1.0373,0.706,1.2611,1.1408,0.2493,1.42,0.8391,0.1739,0.3831,0.7078,0.4915,1.0119,1.2994,0.8947,1.6491,1.6632,0.829,1.07,1.2753,1.1493,0.4807,1.2455,1.0446,1.1922,0.6829,0.7418,0.9942,1.501,0.8743,0.7245,0.7696,0.8801,1.7939,1.6308,1.8282
100,1.1114,1.639,3.3298,1.6722,1.3609,1.7771,1.6957,1.3908,1.5292,2.1845,1.4782,1.0264,1.7768,2.321,2.5806,1.0741,1.1534,1.3788,1.5252,1.2477,1.0563,1.6737,0.769,1.3845,1.1187,0.7692,1.5999,1.6309,0.8233,0.8189,1.4763,1.4142,0.7122,0.7211,0.7246,0.8906,1.4165,1.0345,1.2765,1.6816,0.9797,0.5579,0.8588,0.6613,1.0683,0.7115,1.2603,1.0846,0.2667,1.4514,0.8371,0.1713,0.4004,0.7278,0.5216,0.9874,1.1968,0.9417,1.648,1.729,0.8431,1.0542,1.2672,1.1173,0.628,1.2884,1.0628,1.2823,0.6992,0.7494,0.9866,1.431,0.849,0.7483,0.9384,0.7818,1.9467,1.3918,1.8304
102,1.1119,1.6448,3.2547,1.6103,1.3933,1.907,1.7689,1.3418,1.4399,2.0541,1.4358,1.0558,1.7627,2.0663,2.5424,1.1648,1.2323,1.4729,1.3987,1.2364,1.0585,1.5868,0.76,1.3963,1.0845,0.7685,1.5966,1.5628,0.8493,0.7672,1.4165,1.4425,0.7258,0.6759,0.756,0.8231,1.4583,1.0198,1.2822,1.6535,1.0108,0.5077,0.8768,0.589,1.1127,0.7186,1.2329,1.1441,0.2717,1.3782,0.8367,0.1642,0.4255,0.7363,0.5633,0.9814,1.1688,0.9425,1.6418,1.649,0.8578,1.0375,1.2568,1.1312,0.8424,1.2928,1.0452,1.2415,0.704,0.7224,1.0185,1.4182,0.8555,0.722,1.0415,0.8255,1.8773,1.8884,1.8287
104,1.1065,1.6117,3.1634,1.6723,1.2981,1.8315,1.7216,1.3411,1.4834,2.0735,1.476,1.0522,1.6553,2.1587,2.5431,1.1578,1.2258,1.3391,1.4204,1.2274,1.1311,1.5142,0.7486,1.4095,1.1172,0.7822,1.5859,1.418,0.8663,0.705,1.3866,1.3842,0.7754,0.6696,0.7382,0.8212,1.4729,0.9691,1.3389,1.6885,1.0446,0.4994,0.8379,0.5229,1.0744,0.7555,1.1847,1.2048,0.3018,1.4355,0.821,0.1732,0.4663,0.7514,0.64,0.9544,1.1153,0.9693,1.6608,1.737,0.8926,1.0473,1.2628,1.1482,0.9878,1.2531,1.0445,1.2503,0.7077,0.7084,1.0186,1.4214,0.8206,0.7071,0.9217,0.8444,1.9894,1.8384,1.9493
106,1.1005,1.659,2.9202,1.5929,1.2738,1.7307,1.6718,1.2579,1.5467,2.2288,1.5056,1.0708,1.7131,2.2325,2.7098,1.1932,1.2753,1.1995,1.2911,1.2052,1.0906,1.5074,0.7751,1.4168,1.1114,0.8112,1.4863,1.3493,0.9035,0.6635,1.3656,1.3654,0.8079,0.6743,0.7174,0.7938,1.5279,0.9028,1.313,1.6525,1.0427,0.4455,0.8416,0.4884,1.0477,0.7872,1.1912,1.2018,0.3773,1.4395,0.8217,0.1666,0.5524,0.7918,0.6795,0.9334,1.0824,0.9888,1.6751,1.7077,0.8597,1.0146,1.2646,1.1566,1.0141,1.3086,1.0565,1.2701,0.7456,0.7081,1.0284,1.3767,0.7946,0.7105,0.8422,0.8007,1.9517,1.5296,1.7378
108,1.099,1.6724,2.9021,1.5722,1.2703,1.6935,1.6611,1.223,1.5533,2.1893,1.5393,1.0327,1.6224,2.1334,2.6527,1.2234,1.2185,1.0604,1.2656,1.2286,1.1046,1.5185,0.8159,1.3954,1.0763,0.8419,1.5496,1.3419,0.9222,0.6649,1.29,1.3904,0.9297,0.6507,0.7373,0.7914,1.5216,0.8653,1.2915,1.602,1.0386,0.4271,0.8303,0.4757,1.084,0.7517,1.106,1.1775,0.5637,1.5174,0.8147,0.1814,0.6816,0.7694,0.818,0.8809,1.0683,0.9975,1.67,1.7409,0.8839,1.0253,1.2763,1.1464,0.9887,1.3019,1.0322,1.241,0.7076,0.7036,1.0652,1.4044,0.7815,0.72,0.7617,0.809,1.9767,1.6778,1.6866
110,1.097,1.6388,2.804,1.6209,1.2071,1.7742,1.6019,1.2102,1.4858,2.2519,1.5581,1.0208,1.5849,1.9507,2.7391,1.1562,1.267,0.9097,1.2279,1.2132,1.188,1.5569,0.786,1.4157,1.0062,0.8477,1.5804,1.2526,0.9416,0.6591,1.3153,1.2905,0.8961,0.6866,0.7722,0.776,1.5618,0.8466,1.3075,1.5182,1.0351,0.425,0.8216,0.44,1.0699,0.717,1.1454,1.1764,0.9726,1.617,0.8231,0.166,0.7268,0.8146,0.9532,0.9166,1.0355,1.0058,1.6802,1.7522,0.8702,1.0255,1.267,1.1099,0.858,1.333,1.0433,1.2058,0.7031,0.6915,1.0641,1.3915,0.7794,0.7276,0.6543,0.8025,1.9787,1.971,1.5608
112,1.0849,1.696,2.7906,1.6748,1.1988,1.7267,1.5036,1.2495,1.4357,2.2417,1.5185,1.0778,1.5357,1.8893,2.6131,1.1234,1.3148,0.8475,1.2143,1.1981,1.2625,1.5551,0.7913,1.3967,1.0613,0.874,1.6027,1.2802,0.9256,0.6413,1.2265,1.2912,0.8794,0.6483,0.7748,0.7678,1.502,0.812,1.3046,1.5239,0.977,0.396,0.7898,0.4246,1.1014,0.7097,1.0948,1.2084,1.2057,1.585,0.8448,0.1662,0.7262,0.8263,0.8993,0.892,1.0223,1.0058,1.699,1.7475,0.8277,1.0038,1.2508,1.0849,0.7132,1.2465,1.0447,1.2043,0.7056,0.6744,1.0516,1.3917,0.7432,0.7515,0.5842,0.7554,1.9883,1.9564,1.6759
114,1.0781,1.6026,3.14,1.7739,1.1563,1.694,1.4851,1.2438,1.4032,2.2707,1.4969,1.1158,1.5284,1.9178,2.5415,1.1362,1.4552,0.7949,1.1684,1.1411,1.2449,1.5429,0.7853,1.3728,0.9697,0.8781,1.5532,1.1959,0.8763,0.6301,1.1718,1.2486,0.9073,0.6984,0.8045,0.7468,1.5381,0.7932,1.3283,1.4654,1.0264,0.3648,0.7988,0.4317,1.0745,0.6878,1.0565,1.2084,1.3322,1.5519,0.8236,0.1731,0.7784,0.8463,0.8423,0.9439,0.9828,0.9871,1.7154,1.736,0.8134,1.0021,1.2605,1.0866,0.5884,1.312,1.0339,1.2304,0.7207,0.715,1.0403,1.3786,0.7223,0.7395,0.5954,0.7891,1.9541,1.939,1.6343
116,1.0665,1.6081,2.9891,1.7861,1.1898,1.6474,1.4216,1.26,1.3625,2.2068,1.52,1.0543,1.4032,2.0629,2.5003,1.1328,1.5712,0.7538,1.1579,1.1326,1.3321,1.5255,0.789,1.3328,0.9163,0.948,1.5253,1.2099,0.8696,0.6208,1.1158,1.2483,0.9302,0.7017,0.8315,0.7816,1.6228,0.7594,1.286,1.4918,0.885,0.3821,0.7387,0.4343,1.0446,0.6744,1.0535,1.2062,1.0932,1.5816,0.8438,0.1723,0.6716,0.8526,0.7131,0.9117,0.9902,0.9641,1.6952,1.7232,0.807,1.0294,1.2388,1.0362,0.4861,1.2234,1.0563,1.1477,0.6909,0.7054,1.0513,1.4077,0.7149,0.7337,0.5844,0.7536,2.0982,2.013,1.6875
118,1.0571,1.5771,3.3922,1.819,1.2257,1.5676,1.3838,1.2556,1.3442,2.0712,1.4791,1.1616,1.4142,2.1486,2.2748,1.117,1.6892,0.6953,1.1505,1.1324,1.4797,1.4828,0.7914,1.3419,0.9214,0.9577,1.4237,1.1259,0.8451,0.622,1.0429,1.2156,0.9641,0.7311,0.8676,0.775,1.552,0.7224,1.2851,1.4247,0.9183,0.4253,0.7635,0.4265,1.0637,0.7032,1.0544,1.2145,0.7376,1.5632,0.83,0.174,0.6254,0.8788,0.6056,0.9506,0.9697,1.0012,1.671,1.6513,0.7534,0.9616,1.2421,1.0126,0.4191,1.2327,1.0881,1.1578,0.6848,0.7223,1.0617,1.4398,0.7288,0.7229,0.6147,0.8055,2.2322,1.5812,1.7079
120,1.0549,1.6237,3.5546,1.8499,1.2513,1.5938,1.3752,1.2287,1.3587,2.175,1.483,1.1361,1.4063,1.9656,2.2622,1.1266,1.7528,0.6723,1.1628,1.0937,1.4776,1.5285,0.8178,1.2736,0.9071,0.9639,1.4083,1.148,0.7829,0.6552,1.0101,1.2114,0.904,0.7558,0.9077,0.734,1.5786,0.7255,1.2563,1.3776,0.9014,0.4725,0.7308,0.4167,1.0537,0.7343,0.9676,1.3578,0.5539,1.5109,0.8375,0.1764,0.5695,0.9044,0.5488,0.9537,0.9969,0.978,1.6514,1.665,0.7417,0.9611,1.2016,0.9949,0.3701,1.2312,1.0824,1.1522,0.67,0.7186,1.0761,1.4681,0.709,0.7455,0.7222,0.8185,2.2733,1.4856,1.5383
122,1.0559,1.6098,3.4866,1.9027,1.2528,1.6555,1.4024,1.2634,1.355,2.2459,1.483,1.071,1.3614,2.1397,2.1971,1.0827,1.8682,0.6959,1.2136,1.1112,1.5067,1.5773,0.819,1.2702,0.8872,0.9923,1.3148,1.1831,0.8233,0.6296,0.9424,1.2051,0.9095,0.7631,0.9213,0.7742,1.5649,0.7345,1.2805,1.3726,0.8584,0.4763,0.7391,0.4303,1.0385,0.6972,0.9547,1.294,0.4028,1.5647,0.8313,0.1931,0.5063,0.9119,0.5619,0.9995,0.9628,0.9785,1.6501,1.7088,0.7141,0.937,1.1716,0.9796,0.347,1.2183,1.1079,1.1973,0.6698,0.7171,1.0844,1.4642,0.7192,0.7384,0.7421,0.8495,2.071,1.3668,1.7227
124,1.0628,1.7238,3.6244,1.9276,1.3127,1.642,1.3699,1.2549,1.3213,2.1877,1.4846,1.1571,1.3617,2.0891,2.2552,1.0984,1.8628,0.6755,1.1834,1.1456,1.5793,1.593,0.8648,1.2423,0.9018,1.0576,1.3563,1.2466,0.774,0.6352,0.9517,1.1605,0.8865,0.8252,0.9755,0.8235,1.5807,0.7787,1.283,1.4065,0.8655,0.5644,0.7076,0.4243,1.038,0.8401,0.985,1.3141,0.3328,1.4497,0.8396,0.1896,0.4867,0.9445,0.499,0.974,1.0229,0.9557,1.627,1.7036,0.7466,0.9464,1.2129,0.9425,0.3167,1.2131,1.1382,1.1481,0.6668,0.7166,1.0636,1.4297,0.7024,0.7246,0.7216,0.8832,1.7788,1.5772,1.7234
126,1.0616,1.6,3.77,1.977,1.3547,1.6981,1.3181,1.3063,1.2702,2.0669,1.526,1.0324,1.3652,2.0777,2.18,1.0836,1.7765,0.7297,1.1846,1.1387,1.6136,1.6246,0.8762,1.2361,0.8512,1.0838,1.3085,1.3539,0.7697,0.6474,0.9656,1.2032,0.8124,0.8574,0.9996,0.7837,1.5909,0.813,1.3011,1.3432,0.8385,0.6874,0.7071,0.4369,1.0208,1.0078,0.9569,1.308,0.2705,1.4942,0.8648,0.2323,0.4577,0.9538,0.4582,0.9692,1.0559,0.9246,1.6276,1.7527,0.6981,0.9077,1.2283,0.9131,0.3016,1.2315,1.1109,1.1832,0.6795,0.7471,1.0522,1.4812,0.6858,0.7015,0.6956,0.8365,1.6725,1.3674,1.6827
128,1.0664,1.676,3.6602,1.9276,1.4132,1.7544,1.3585,1.3031,1.3513,2.0923,1.4978,1.1169,1.3296,2.0739,2.1138,1.102,1.692,0.7461,1.2136,1.1828,1.5808,1.6523,0.9049,1.2253,0.8778,1.1192,1.3179,1.4462,0.793,0.6419,0.9467,1.1311,0.7578,0.9262,0.9805,0.8343,1.5528,0.8619,1.3042,1.3193,0.8341,0.6762,0.7012,0.4258,0.9866,0.9892,0.9758,1.3335,0.2567,1.544,0.8497,0.2992,0.4306,0.9331,0.4332,0.9484,1.0851,0.9071,1.5803,1.7518,0.6955,0.9272,1.2119,0.9133,0.2886,1.2324,1.1316,1.2016,0.6627,0.751,1.0541,1.4866,0.6929,0.7064,0.7345,0.9481,1.5079,1.4428,1.773
130,1.077,1.6567,3.726,1.9153,1.4553,1.7955,1.3722,1.2524,1.3233,2.216,1.496,1.1325,1.3484,2.1969,2.065,1.1056,1.6448,0.7975,1.24,1.16,1.5272,1.7897,0.8985,1.2586,0.8759,1.1497,1.3157,1.5576,0.7786,0.6664,0.9533,1.1106,0.7096,0.9435,1.0228,0.964,1.6378,0.9545,1.3325,1.3178,0.7632,0.583,0.7201,0.4263,0.937,0.8258,0.9839,1.3408,0.2372,1.4651,0.8642,0.5133,0.4543,0.9337,0.4142,0.9444,1.1673,0.867,1.5904,1.7435,0.682,0.8992,1.253,0.9036,0.2866,1.2391,1.1741,1.2097,0.6373,0.7307,1.0497,1.4709,0.6856,0.6727,0.8474,1.0066,1.6487,1.3687,1.8702
132,1.0897,1.7273,3.671,1.8842,1.4969,2.0376,1.4506,1.3447,1.4105,2.1952,1.5066,1.1008,1.4726,2.0593,2.1186,1.0962,1.5963,0.8395,1.2847,1.1809,1.5467,1.9167,0.9125,1.2828,0.9022,1.1534,1.2828,1.6337,0.783,0.6978,0.9263,1.0712,0.6717,0.9968,0.9743,1.0076,1.63,1.0365,1.3239,1.3094,0.7568,0.5234,0.6935,0.4265,0.947,0.7466,1.0426,1.3442,0.224,1.428,0.8621,0.8911,0.438,0.9399,0.4242,0.9122,1.2233,0.8662,1.5729,1.748,0.6887,0.8993,1.3183,0.9075,0.2791,1.2509,1.1405,1.1885,0.6207,0.7412,1.0857,1.5053,0.7142,0.6697,0.8269,0.9852,1.5416,1.4343,1.7606
134,1.1018,1.7174,3.4629,1.953,1.5433,1.8107,1.5413,1.3265,1.4326,2.2281,1.5514,1.0508,1.6095,2.0739,2.0648,1.1664,1.5541,0.9073,1.3436,1.2376,1.4641,2.0201,0.9044,1.3501,0.8795,1.1901,1.2824,1.6644,0.7753,0.75,0.9466,1.0602,0.6533,1.0815,1.0554,1.0785,1.6404,1.0197,1.3246,1.3315,0.7287,0.4931,0.7285,0.4355,0.9081,0.6833,1.0622,1.4193,0.2212,1.5453,0.8319,0.9154,0.4557,0.9513,0.4157,0.9311,1.2613,0.9063,1.5682,1.7795,0.6649,0.8881,1.3518,0.9117,0.2769,1.284,1.1452,1.1635,0.5987,0.7548,1.0859,1.4792,0.6954,0.664,0.8072,1.0563,1.4389,1.4902,1.8855
136,1.114,1.6812,3.3554,1.9915,1.5799,2.0788,1.6168,1.4072,1.3581,2.3765,1.6045,1.1084,1.7088,2.1986,2.112,1.1581,1.5225,1.0712,1.3296,1.2159,1.3826,2.1376,0.888,1.3438,0.9054,1.1367,1.2845,1.8291,0.7746,0.7181,0.9793,1.0119,0.6213,0.9911,1.0018,1.0245,1.7039,1.0037,1.3477,1.3643,0.7744,0.4926,0.7795,0.4528,0.9076,0.6677,1.0679,1.3374,0.2246,1.5726,0.8406,0.7627,0.4364,0.9721,0.4985,0.9336,1.3211,0.8744,1.5534,1.7695,0.6734,0.8795,1.4133,0.9242,0.2682,1.2889,1.1394,1.2025,0.5785,0.7679,1.0947,1.4894,0.7216,0.6565,0.7324,1.0256,1.4756,1.5218,1.61
138,1.1229,1.6702,3.3013,2.0172,1.5375,1.9972,1.6715,1.4092,1.3919,2.3731,1.5932,1.1961,1.8268,2.2698,2.1988,1.1379,1.4386,1.3342,1.3687,1.2447,1.2757,2.0608,0.8651,1.424,0.9491,1.163,1.2901,1.8225,0.7749,0.7871,1.0514,1.0384,0.6572,0.9702,0.9571,1.0621,1.6674,1.0162,1.3258,1.3257,0.7739,0.4813,0.822,0.4857,0.8943,0.6242,1.132,1.3773,0.2301,1.5495,0.835,0.5429,0.4577,0.9237,0.5631,0.9355,1.3214,0.8406,1.5265,1.804,0.6586,0.9063,1.4178,0.9263,0.2751,1.2526,1.1372,1.247,0.5839,0.7753,1.1057,1.5067,0.742,0.6336,0.7292,1.1268,1.6747,1.5676,1.7069
140,1.1376,1.6759,3.4368,1.9287,1.6397,1.9311,1.6655,1.3671,1.372,2.2741,1.6342,1.2046,2.0592,2.5604,2.1717,1.12,1.4384,1.576,1.3702,1.2749,1.2845,2.1935,0.815,1.5365,1.0048,1.1605,1.2675,1.7859,0.7598,0.872,1.0906,1.1013,0.658,0.9555,0.9835,1.0148,1.6496,1.0326,1.3461,1.3437,0.7428,0.4493,0.8737,0.5204,0.8512,0.5929,1.1488,1.3792,0.2345,1.6375,0.8591,0.3753,0.4665,0.9068,0.6825,0.9574,1.3775,0.8315,1.5393,1.8244,0.6767,0.9055,1.4733,0.9031,0.271,1.2613,1.1491,1.2108,0.5813,0.7961,1.1342,1.5023,0.7259,0.6656,0.7214,0.9919,1.5856,1.92,1.5514
142,1.1513,1.8056,3.5195,1.8802,1.6631,2.106,1.7011,1.4,1.4011,2.4372,1.6418,1.28,1.9841,2.6152,2.3177,1.1483,1.4258,1.8816,1.3645,1.2773,1.1514,2.1345,0.8136,1.6335,1.049,1.136,1.3293,1.6437,0.794,1.0518,1.1954,1.1108,0.6773,0.9352,0.8988,1.0499,1.655,0.9958,1.3361,1.3019,0.7589,0.4915,0.9029,0.6149,0.8742,0.6369,1.2268,1.3194,0.2259,1.6385,0.8485,0.284,0.4906,0.896,0.8205,0.9349,1.3851,0.8254,1.5915,1.7353,0.6407,0.9064,1.5024,0.8863,0.2658,1.2614,1.1414,1.2077,0.5681,0.8097,1.1675,1.5239,0.7242,0.6484,0.7186,1.1156,1.746,1.8598,1.5858
144,1.1619,1.8243,3.5118,1.7903,1.6421,2.2493,1.6163,1.4833,1.3922,2.3855,1.6582,1.4014,2.0669,2.5572,2.2189,1.1334,1.4323,1.6812,1.3547,1.2854,1.1107,2.1655,0.7939,1.6553,1.1193,1.127,1.3645,1.5816,0.8051,1.207,1.2931,1.1466,0.6858,0.9378,0.9188,1.0163,1.7646,0.9197,1.366,1.3066,0.7651,0.4736,0.9224,0.8241,0.8599,0.7908,1.1458,1.3686,0.2232,1.6131,0.8676,0.228,0.4997,0.8765,0.9139,0.9467,1.4476,0.8198,1.5719,1.6923,0.6877,0.9369,1.5302,0.8867,0.2691,1.2672,1.1684,1.2565,0.5457,0.8021,1.1733,1.5252,0.7383,0.6313,0.7298,0.9965,1.9778,2.2266,1.4846
146,1.1581,1.7965,3.3437,1.7906,1.6587,2.0957,1.5783,1.5038,1.4002,2.4136,1.7077,1.3682,2.1515,2.5593,2.2752,1.0969,1.3386,1.466,1.3259,1.249,1.0118,2.063,0.8078,1.5868,1.169,1.07,1.425,1.4923,0.8197,1.3023,1.3028,1.1673,0.6499,0.9264,0.9001,0.9936,1.7802,0.827,1.3901,1.332,0.7814,0.4511,0.8884,1.0048,0.8727,0.9647,1.2076,1.349,0.2208,1.5969,0.905,0.2065,0.5238,0.8317,0.9538,0.9511,1.4117,0.8674,1.5766,1.6753,0.6559,0.9654,1.6133,0.8834,0.2734,1.2229,1.1826,1.2543,0.5315,0.8029,1.2342,1.5824,0.7541,0.6374,0.7867,1.0475,2.0472,2.1057,1.5808
148,1.156,1.8124,3.3797,1.7595,1.7117,2.3048,1.5227,1.5208,1.2881,2.1702,1.6644,1.2407,2.0887,2.8879,2.3111,1.0907,1.3578,1.2125,1.328,1.3252,0.9527,2.122,0.7596,1.5462,1.244,1.0182,1.4629,1.481,0.8373,1.4189,1.3496,1.2528,0.6276,0.8822,0.9059,0.9433,1.7175,0.8086,1.3617,1.4259,0.8065,0.3933,0.915,1.0863,0.8898,1.0199,1.155,1.3025,0.2272,1.5715,0.8738,0.1747,0.5805,0.8113,0.898,0.9635,1.4175,0.8667,1.6076,1.6193,0.6707,0.9696,1.5771,0.8683,0.2953,1.2096,1.2009,1.3174,0.5451,0.8327,1.2036,1.6058,0.74,0.6409,0.8357,1.0998,2.4588,1.9635,1.7107
150,1.158,1.8468,3.4964,1.7134,1.7275,2.2275,1.4902,1.52,1.3421,2.3877,1.7078,1.238,1.9819,2.7413,2.4124,1.1178,1.3799,1.0846,1.2902,1.2527,0.9044,2.0574,0.7586,1.5171,1.2574,0.997,1.4275,1.4878,0.8555,1.5325,1.4924,1.3688,0.6822,0.9205,0.9011,0.9198,1.7871,0.7905,1.3667,1.4451,0.896,0.3974,0.8864,1.0659,0.8876,0.9507,1.1419,1.2642,0.2287,1.5656,0.8496,0.1762,0.6773,0.8132,0.8018,1.0319,1.3815,0.8617,1.6632,1.588,0.7221,0.9924,1.5839,0.8928,0.3204,1.2011,1.2099,1.3476,0.5361,0.8007,1.2605,1.6018,0.7371,0.6504,0.9274,1.0446,2.278,1.7794,1.528
152,1.1585,1.8897,3.5375,1.7799,1.7487,2.0074,1.4825,1.5463,1.3186,2.5097,1.7394,1.3005,1.9913,2.7166,2.3495,1.0848,1.3048,0.9404,1.2787,1.2726,0.8962,2.0989,0.7501,1.5265,1.3028,0.9628,1.4465,1.5249,0.8249,1.4894,1.5255,1.3736,0.7004,0.8767,0.9211,0.8972,1.7655,0.7913,1.4162,1.5382,0.9224,0.3994,0.8442,1.066,0.8792,0.8902,1.0953,1.3092,0.227,1.505,0.861,0.1765,0.8388,0.8348,0.6818,1.0198,1.3725,0.8748,1.6651,1.5223,0.7047,1.041,1.5768,0.954,0.3324,1.2048,1.1895,1.3586,0.5642,0.7432,1.2308,1.6763,0.7083,0.6448,0.9652,1.1004,2.417,1.7848,1.7508
154,1.1578,1.7885,3.4339,1.7205,1.7808,2.0929,1.5475,1.4437,1.3277,2.5354,1.8463,1.3243,1.8285,2.8235,2.45,1.1049,1.2791,0.824,1.2514,1.2871,0.8453,1.9886,0.7428,1.4596,1.2908,0.9447,1.4055,1.4035,0.8401,1.6133,1.6776,1.4316,0.7303,0.8867,0.9377,0.8903,1.7912,0.8166,1.4277,1.5891,1.0077,0.3995,0.8496,0.9659,0.9605,0.8441,1.1032,1.3611,0.2278,1.4793,0.896,0.1746,0.893,0.8176,0.5433,1.0423,1.3617,0.9619,1.7192,1.5556,0.7357,1.0165,1.5172,0.9378,0.3514,1.2213,1.1902,1.3436,0.5759,0.7717,1.245,1.6482,0.7316,0.6707,0.8805,1.0582,2.2691,1.5729,1.8015
156,1.1518,1.7708,3.3094,1.7961,1.9155,1.9102,1.568,1.4797,1.379,2.523,1.8212,1.28,1.708,2.6585,2.4289,1.081,1.2938,0.7284,1.2363,1.2626,0.8297,1.9549,0.7579,1.4487,1.3478,0.9245,1.4656,1.3795,0.8083,1.5025,1.7941,1.5294,0.7763,0.8796,0.9119,0.9383,1.7605,0.8484,1.3671,1.5151,1.1398,0.4406,0.8406,0.9198,0.9425,0.7867,1.0937,1.3274,0.2273,1.4762,0.9195,0.1623,0.9225,0.8208,0.4683,1.056,1.3489,0.9338,1.7085,1.528,0.7298,1.005,1.4485,0.977,0.4266,1.2185,1.1478,1.3398,0.5952,0.7801,1.2307,1.6509,0.752,0.684,0.7938,0.9996,2.1109,1.5373,1.7201
158,1.1596,1.755,3.5233,1.7519,1.9765,1.8838,1.6967,1.4392,1.3853,2.5861,1.8262,1.3185,1.6003,2.979,2.3651,1.067,1.3589,0.7047,1.2185,1.2832,0.8207,1.9247,0.7586,1.4559,1.3432,0.8926,1.3885,1.3495,0.8242,1.4137,1.859,1.5473,0.8487,0.8802,0.9206,0.9166,1.7169,0.9113,1.371,1.629,1.2654,0.4592,0.7948,0.8761,0.9511,0.7545,1.1083,1.2366,0.2512,1.5333,0.955,0.157,0.8897,0.813,0.4327,1.0439,1.2801,0.9603,1.7638,1.5428,0.7881,1.0693,1.4455,1.0143,0.4977,1.2573,1.1676,1.3743,0.6051,0.7933,1.2288,1.5242,0.7452,0.7027,0.7271,1.0002,2.0287,1.5903,1.8916
160,1.1575,1.8547,3.6689,1.7806,1.9368,1.9105,1.6611,1.4102,1.36,2.4595,1.7781,1.3517,1.5346,2.8295,2.4351,1.103,1.3359,0.6259,1.2239,1.3277,0.8042,1.9213,0.715,1.471,1.2989,0.8875,1.4109,1.3249,0.8679,1.35,1.828,1.5979,0.8801,0.8324,0.9146,0.9647,1.678,0.9134,1.3791,1.7722,1.4223,0.4331,0.8537,0.7402,0.9804,0.693,1.1314,1.2902,0.2614,1.5087,0.9311,0.1505,0.7347,0.8303,0.4054,1.0189,1.3302,0.9337,1.7625,1.5449,0.8101,1.0853,1.4353,1.0738,0.6933,1.2537,1.1379,1.3877,0.6009,0.8208,1.1785,1.5658,0.7578,0.6955,0.711,0.9008,1.8728,1.482,1.9371
162,1.1591,1.8148,3.8141,1.7957,1.9188,1.8666,1.6611,1.3683,1.3724,2.4826,1.8173,1.3403,1.4704,2.7381,2.4871,1.0888,1.3726,0.6118,1.1774,1.3159,0.8268,1.9755,0.7607,1.5527,1.3254,0.8826,1.4376,1.3322,0.8617,1.3508,1.794,1.5801,0.8888,0.8648,0.9315,0.9782,1.7464,0.9115,1.4134,1.8197,1.4257,0.4925,0.7846,0.668,0.9811,0.6861,1.1572,1.2516,0.2686,1.5419,0.9198,0.1564,0.6531,0.8646,0.3931,1.035,1.2546,0.9231,1.7537,1.5304,0.8075,1.0921,1.4201,1.0843,1.0021,1.2545,1.1159,1.332,0.5839,0.807,1.1128,1.5922,0.773,0.6948,0.6797,0.9686,1.7912,1.3568,1.7988
164,1.1626,1.6303,4.0506,1.823,1.9266,1.8549,1.7375,1.3201,1.3119,2.4717,1.7409,1.3456,1.4101,2.7262,2.5307,1.1487,1.433,0.5984,1.2289,1.2863,0.8226,1.9199,0.7619,1.5582,1.3878,0.8652,1.4647,1.4023,0.9109,1.2232,1.7909,1.5502,0.8916,0.8361,0.9053,0.9924,1.6852,0.9183,1.3877,2.0306,1.429,0.5381,0.7839,0.5657,0.9584,0.641,1.2174,1.2335,0.3109,1.5031,0.908,0.1506,0.5343,0.8781,0.3569,1.0582,1.2582,0.9447,1.8126,1.5227,0.8479,1.0843,1.444,1.1579,1.1397,1.2743,1.0957,1.31,0.5858,0.8142,1.0953,1.5515,0.7924,0.7103,0.7523,0.9799,1.8654,1.3746,1.7515
166,1.1564,1.6017,3.9283,1.7724,1.8818,1.8656,1.6893,1.3512,1.3435,2.3373,1.7504,1.3373,1.3788,2.445,2.4894,1.1607,1.5175,0.5873,1.236,1.276,0.8433,1.8759,0.7601,1.5537,1.3505,0.8545,1.4748,1.3538,0.8988,1.12,1.7126,1.5782,0.881,0.828,0.8885,0.98,1.6721,0.8826,1.371,1.8924,1.4421,0.4992,0.752,0.5194,0.9827,0.7221,1.2215,1.3166,0.3784,1.5389,0.9411,0.1628,0.4768,0.8761,0.3662,1.0564,1.2415,0.9536,1.8297,1.5601,0.8786,1.0971,1.4524,1.2018,1.0819,1.2882,1.0884,1.2327,0.5843,0.8097,1.0289,1.5265,0.8382,0.6494,0.7649,0.8995,1.5823,1.2229,1.8667
168,1.1605,1.6441,4.0947,1.8713,1.881,1.9663,1.6512,1.3095,1.3674,2.3621,1.7736,1.3891,1.2679,2.2847,2.5585,1.2054,1.6981,0.5836,1.2753,1.2296,0.8617,1.7986,0.7952,1.5862,1.3294,0.8607,1.5194,1.448,0.92,1.0455,1.6085,1.5972,0.8726,0.8263,0.8804,1.0259,1.7108,0.8617,1.3812,2.0662,1.4159,0.5239,0.7517,0.4833,0.9903,0.6454,1.1499,1.2598,0.4493,1.568,0.9602,0.1517,0.4405,0.9196,0.3459,1.0369,1.2554,0.9577,1.7801,1.5262,0.8906,1.0873,1.4664,1.2009,0.9166,1.3186,1.0909,1.1975,0.598,0.7956,1.0463,1.5725,0.8259,0.6712,0.7404,0.8981,1.6275,1.3015,1.712
170,1.1516,1.6055,3.9225,1.8878,1.8141,1.8504,1.6556,1.2615,1.2885,2.4933,1.7527,1.4474,1.2474,2.2862,2.3833,1.1839,1.8088,0.5793,1.2605,1.2184,0.8835,1.7808,0.7737,1.604,1.2796,0.8856,1.5113,1.5106,0.9447,0.9434,1.6691,1.5213,0.8625,0.8529,0.825,0.9874,1.7128,0.8588,1.3955,2.0167,1.4273,0.5111,0.7099,0.4511,0.9883,0.6141,1.2486,1.2842,0.7691,1.5349,0.9375,0.1512,0.421,0.9071,0.3578,1.1234,1.2289,0.9344,1.7814,1.611,0.8469,1.0734,1.3847,1.2122,0.7603,1.2858,1.0899,1.1877,0.5826,0.7584,1.0328,1.5682,0.8114,0.6831,0.6941,0.9525,1.4988,1.5138,1.7868
172,1.1528,1.6379,3.7724,2.0206,1.8209,1.9354,1.6046,1.2829,1.2922,2.4957,1.7536,1.4603,1.2427,2.3157,2.4938,1.2422,1.9011,0.5845,1.3464,1.2318,0.879,1.7473,0.8185,1.5973,1.245,0.8359,1.6162,1.5209,0.9735,0.8569,1.5702,1.4948,0.8604,0.7747,0.8528,1.0274,1.7529,0.8518,1.4419,2.2282,1.2809,0.4985,0.6998,0.4437,0.9884,0.6145,1.1468,1.2558,0.9929,1.5595,0.9231,0.1531,0.3878,0.9449,0.3513,1.0571,1.2416,0.9157,1.7149,1.6328,0.8607,1.0661,1.4076,1.1826,0.6388,1.3319,1.0859,1.2003,0.5788,0.7436,1.0024,1.6034,0.845,0.6714,0.7189,0.9014,1.3832,1.555,1.652
174,1.1535,1.7204,3.6955,1.9789,1.7904,2.0766,1.5304,1.3283,1.32,2.3802,1.7861,1.434,1.2658,2.2414,2.7469,1.2595,1.8933,0.5826,1.3503,1.2323,0.8953,1.8056,0.8307,1.6489,1.234,0.8724,1.6777,1.5451,0.945,0.8034,1.6109,1.4837,0.8714,0.758,0.8354,1.0193,1.7587,0.8909,1.4873,2.1541,1.2009,0.5068,0.683,0.4347,1.0255,0.5817,1.1353,1.2626,1.1599,1.5419,0.9366,0.1547,0.3695,0.8891,0.4151,1.0721,1.2862,0.87,1.7179,1.5726,0.8757,1.0842,1.3673,1.1957,0.5173,1.2683,1.0554,1.1882,0.5858,0.7596,1.0221,1.6341,0.8236,0.6566,0.7269,0.8247,1.4022,1.7686,1.8689
176,1.1556,1.7371,3.771,1.9762,1.8839,2.0365,1.5003,1.2783,1.3657,2.489,1.7613,1.4554,1.2883,2.2098,2.5144,1.257,1.9362,0.6043,1.3743,1.2421,0.9474,1.7682,0.8084,1.6379,1.1533,0.8654,1.6783,1.5419,0.9174,0.7764,1.4983,1.436,0.8547,0.8419,0.8476,1.0303,1.7183,1.0022,1.5002,2.1967,1.1434,0.464,0.6835,0.4109,1.0194,0.6756,1.0746,1.2993,0.9922,1.5507,0.9895,0.1767,0.3832,0.9363,0.4586,1.0482,1.3353,0.8985,1.6962,1.5848,0.8323,1.0875,1.3217,1.1768,0.4466,1.2884,1.0552,1.1671,0.6117,0.7549,0.9825,1.6561,0.8627,0.664,0.7428,0.7979,1.3377,1.6869,1.9287
178,1.1415,1.6276,3.7959,2.0241,1.7913,1.961,1.4075,1.3438,1.3702,2.4447,1.8281,1.4829,1.249,1.9164,2.3738,1.2606,1.8762,0.6381,1.4117,1.27,0.9311,1.7624,0.861,1.6349,1.1131,0.895,1.6831,1.5149,0.8603,0.7394,1.4362,1.345,0.8119,0.8426,0.8444,1.0148,1.752,0.991,1.4919,2.4526,1.1011,0.4722,0.6864,0.4117,1.0066,0.6192,1.0738,1.2081,0.7651,1.5619,0.9309,0.1666,0.3773,0.9206,0.5242,1.0206,1.2979,0.9168,1.6623,1.5214,0.8919,1.044,1.3415,1.1517,0.3562,1.242,1.036,1.1774,0.6134,0.7652,0.9767,1.613,0.8493,0.6897,0.6736,0.7788,1.3506,1.6329,1.6551
180,1.1433,1.667,3.8727,1.9367,1.8102,2.0387,1.3994,1.3546,1.348,2.5261,1.8598,1.397,1.305,2.0794,2.5071,1.3253,1.7697,0.6399,1.4184,1.3326,0.9644,1.7394,0.8805,1.5689,1.1221,0.8916,1.6568,1.5035,0.9302,0.7034,1.456,1.3478,0.7941,0.7936,0.9009,0.9719,1.7266,1.0399,1.4768,2.3172,1.013,0.4445,0.6838,0.422,0.9615,0.686,1.0525,1.1714,0.5873,1.5524,0.9295,0.1743,0.3661,0.8992,0.7035,1.0184,1.2852,0.8964,1.6556,1.5162,0.9024,1.054,1.3433,1.141,0.3455,1.2198,1.0411,1.157,0.6097,0.7645,0.9907,1.6652,0.8656,0.6682,0.7136,0.825,1.3643,1.8609,1.6358
